index,programa,radio,banda,ciudad,provincia,pais,inicio,duracion,usuario,reproducciones,etiquetas,titulo,descripcion,link
1,equipo-deportivo,La Redonda,FM,La Plata,Buenos Aires,Argentina,2024-08-13T22:34:58+00:00,1854,mariano94,65,,Entrevista a Ricardo Casal en El Equipo Deportivo,Nota al Ex Ministro de Justicia sobre el fideicomiso.,https://radiocut.fm/audiocut/entrevista-a-ricardo-casal-en-equipo-deportivo
2,basta-de-todo,Metro 95.1,FM,Ciudad de Buenos Aires,Ciudad Aut√≥noma de Buenos Aires,Argentina,2017-04-11T20:19:57+00:00,1946,leandro108,7978,,Basta de todo con Residente (Rene),Entrevista en Basta de Todo a Rene (Residente),https://radiocut.fm/audiocut/basta-de-todo-con-residente-rene-1
3,la-manana-con-victor-hugo,AM 750,AM,Ciudad de Buenos Aires,Ciudad Aut√≥noma de Buenos Aires,Argentina,2024-08-14T12:05:26+00:00,137,RadioAM750,171,,El editorial de V√≠ctor Hugo Morales,Volv√© a escuchar el editorial de VHM por la 750. ,https://radiocut.fm/audiocut/editorial-victor-hugo-morales-6681
4,caballero-dia-3,AM 530 - Somos Radio,AM,Ciudad de Buenos Aires,Ciudad Aut√≥noma de Buenos Aires,Argentina,2024-08-14T12:11:52+00:00,1734,somosradio,71,"caballero de d√≠a, conversatorio, somos radio am 530",Conversatorio de mi√©rcoles 14/8 en Caballero De D√≠a,"El habitual conversatorio con Marcos Cittadini, Amado Boudou, Sebasti√°n Rinconet y Camilo Garc√≠a",https://radiocut.fm/audiocut/conversatorio-miercoles-14-8-en-caballero-dia
5,todo-este-ruido-1, Radio Provincia Am1270,AM,La Plata,Buenos Aires,Argentina,2024-08-08T15:55:25+00:00,154,hergarcia78,3064,"charly garc√≠a, la l√≥gica del escorpi√≥n",Yo ya s√© - ¬øAdelanto de La L√≥gica del escorpi√≥n? ,Yo ya s√© - Adelanto de La L√≥gica del escorpi√≥n ,https://radiocut.fm/audiocut/yo-ya-se-adelanto-logica-del-escorpion
6,pase-lo-pase-3,Con Vos,FM,Ciudad de Buenos Aires,Ciudad Aut√≥noma de Buenos Aires,Argentina,2024-08-14T13:28:43+00:00,2095,yorecorto,64,camila perochena,"Camila Perochena, historiadora en el pase","Camila Perochena (primero todos sus antecedentes) Muy  intersante, Cristina, violencia hacia las mujeres, Alfonsin, el campo. ",https://radiocut.fm/audiocut/camila-perochena-historiadora-en-pase
7,jugo-limon,AM 530 - Somos Radio,AM,Ciudad de Buenos Aires,Ciudad Aut√≥noma de Buenos Aires,Argentina,2024-08-14T23:05:27+00:00,630,somosradio,20,"jugo de lim√≥n, sandra russo, somos radio am 530","Editorial de Sandra Russo: ""Cristina dijo lo suyo"" ","El editorial de Sandra Russo, en #JugoDeLim√≥n ",https://radiocut.fm/audiocut/editorial-sandra-russo-cristina-dijo-lo-suyo
8,una-nueva-aventura,AM 750,AM,Ciudad de Buenos Aires,Ciudad Aut√≥noma de Buenos Aires,Argentina,2024-08-13T20:40:30+00:00,381,RadioAM750,19,ferrocarril oeste,El gran gesto del voley de Ferro con las familias de desaparecidos y desaparecidas,La columna de Ariel Scher sobre el homenaje que le rindieron las jugadoras de Ferro a familiares de desaparecidos y desaparecidas.,https://radiocut.fm/audiocut/gran-gesto-del-voley-ferro-con-familias-desaparecidos-y-desaparecidas
9,y-ahora-quien-podra-ayudarno,Con Vos,FM,Ciudad de Buenos Aires,Ciudad Aut√≥noma de Buenos Aires,Argentina,2024-08-14T12:15:44+00:00,645,dderosa,45,,Fukuyama no se equivoc√≥. La guerra contra la 3era posici√≥n ,Lo que se viene si gana Trump,https://radiocut.fm/audiocut/fukuyama-no-se-equivoco-guerra-contra-3era-posicion
10,cohete-a-luna,AM 530 - Somos Radio,AM,Ciudad de Buenos Aires,Ciudad Aut√≥noma de Buenos Aires,Argentina,2024-08-11T12:03:46+00:00,4174,somosradio,1512,"am 530, am 530 somos radio, el cohete a la luna, horacio verbitsky, somos radio",Horacio Verbitsky - Ojo Negro - El Cohete a la Luna,"""Ojo Negro"". La primera entrevista de Alberto Fern√°ndez con un medio argentino y sus excusas. Alberto Fern√°ndez le dio su versi√≥n de los hechos al Cohete en una entrevista de una hora y cuarto en la ma√±ana del viernes 9, con la condici√≥n de que no se publique antes de la otra entrevista que concedi√≥, al diario espa√±ol El Pa√≠s, que deber√≠a salir hoy. El ex Presidente alega que el hematoma no se debe a un golpe, sino a un tratamiento est√©tico contra las arrugas. Los medios que siguen cada minuto del caso, recuerdan que tambi√©n en 2021 Fern√°ndez primero neg√≥ que se hubiera producido el festejo en Olivos, luego puso en duda la autenticidad de la foto y termin√≥ por incriminar a su pareja. El editorial de Horacio Verbitsky del 11/08/2024 en El Cohete a la Luna.",https://radiocut.fm/audiocut/horacio-verbitsky-ojo-negro-cohete-a-luna
11,una-nueva-manana,Para√≠so 42,FM,El Bols√≥n,R√≠o Negro,Argentina,2024-08-14T14:22:08+00:00,2719,Paraiso42,28,,ERIC MOLINA ,Eric Molina sobre los hechos ocurridos el domingo en RINCON INALEF,https://radiocut.fm/audiocut/eric-molina
12,siempre-es-hoy-1,AM 530 - Somos Radio,AM,Ciudad de Buenos Aires,Ciudad Aut√≥noma de Buenos Aires,Argentina,2024-08-14T14:20:26+00:00,341,somosradio,38,"cristina kirchner, jorge duarte, siempre es hoy, somos radio am 530",M√≥vil de Jorge Duarte desde el Instituto Patria,La cobertura de la causa por el intento de magnicidio a Cristins Kirchner,https://radiocut.fm/audiocut/movil-jorge-duarte-desde-instituto-patria
13,y-ahora-quien-podra-ayudarno,Con Vos,FM,Ciudad de Buenos Aires,Ciudad Aut√≥noma de Buenos Aires,Argentina,2024-08-14T11:11:16+00:00,718,dderosa,53,,Juana Viale Kuka,"Solo en Narnia, d√≥nde vive Milei. El m√©todo ",https://radiocut.fm/audiocut/juana-viale-kuka
14,voz-del-estadio-1,GDM Radio,IN,Mar del Plata,Buenos Aires,Argentina,2024-08-14T22:40:34+00:00,424,jorgejaskilioff,14,,"Lucia Correa :   RECI√âN OPERADA DEL CORAZ√ìN, ELIGI√ì VER EL PARTIDO DE ALVARADO.. Y SIGUE VIVA !! ","Lucia Correa :   RECI√âN OPERADA DEL CORAZ√ìN, ELIGI√ì VER EL PARTIDO DE ALVARADO.. Y SIGUE VIVA !! ",https://radiocut.fm/audiocut/lucia-correa-recien-operada-del-corazon-eligio-ver-partido-alvarado-y-sigue-viva
15,,La S√∫per,FM,General Roca,R√≠o Negro,Argentina,2024-08-14T18:31:47+00:00,1274,danielnestares,24,,Sergio Riquelme  - Club San Carlos,Sergio Riquelme - Club San Carlos,https://radiocut.fm/audiocut/sergio-riquelme-club-san-carlos
16,marca-de-radio,La Red,AM,Ciudad de Buenos Aires,Ciudad Aut√≥noma de Buenos Aires,Argentina,2024-08-10T14:04:51+00:00,2125,aliciafernandez,917,,Reportaje a Ricardo Aronskind,Ricardo Aronskind hace un excelente an√°lisis del momento pol√≠tico y del estado del campo popular y su conducci√≥n pol√≠tica,https://radiocut.fm/audiocut/reportaje-a-ricardo-aronskind-2
17,y-ahora-quien-podra-ayudarno,Con Vos,FM,Ciudad de Buenos Aires,Ciudad Aut√≥noma de Buenos Aires,Argentina,2024-08-14T11:53:27+00:00,345,dderosa,40,,Sacando el humo de la causa Fiambrola ,Ercolini no puede estar,https://radiocut.fm/audiocut/sacando-humo-causa-fiambrola
18,a-primera-hora-2,LU14,AM,R√≠o Gallegos,Santa Cruz,Argentina,2024-08-14T13:34:32+00:00,350,almadediamante,37,,#EntrevistaLU14 Matias Delgado,"En ""A Primera Hora"" Alejandra Levill mantuvo una conversaci√≥n telef√≥nica con el Secretario General de la Seccional R√≠o Turbio de la Asociaci√≥n de Trabajadores del Estado (ATE) ‚Äì Se dialog√≥ sobre la situaci√≥n en YCRT tras el atraso de pagos a trabajadores y jubilados. Espera del carb√≥n para ser embarcado.",https://radiocut.fm/audiocut/entrevistalu14-matias-delgado-1
19,siempre-es-hoy-1,AM 530 - Somos Radio,AM,Ciudad de Buenos Aires,Ciudad Aut√≥noma de Buenos Aires,Argentina,2024-08-14T14:01:55+00:00,102,LucianoWitt,36,,Andr√©s Larroque en AM 530,M√≥vil de Andr√©s Larroque con Daniel Tognetti,https://radiocut.fm/audiocut/andres-larroque-en-am-530-1
20,en-dia-a-dia,Radio Rep√∫blica AM 770,AM,Ciudad de Buenos Aires,Ciudad Aut√≥noma de Buenos Aires,Argentina,2024-08-14T14:33:09+00:00,1210,REPUBLICA,26,,"Marina Blanco: ""Las biblotecas son transversales a cualquier partido politico"" ","""En el dia a dia"" Abigail Lassalle recibio en el estudio de Radio Republica a Marina ""Maku"", integrante del colectivo federal de Bibliotecas Populares en Lucha y parte de la comisi√≥n directiva de la Biblioteca Popular y Casa de la Cultura Estaci√≥n Manzanares (en Pilar, Prov. de Bs. As) y Oscar Rodriguez, biblotecario sobre la situacion de crisis que estan atravesando las Biblotecas Populares. ",https://radiocut.fm/audiocut/marina-blanco-biblotecas-son-transversales-a-cualquier-partido-politico
21,y-ahora-quien-podra-ayudarno,Con Vos,FM,Ciudad de Buenos Aires,Ciudad Aut√≥noma de Buenos Aires,Argentina,2024-08-13T11:15:59+00:00,500,HernanO,139,,Julia Mengolini,Tenembaun sobre lo que dijo Julia Mengolini,https://radiocut.fm/audiocut/julia-mengolini-4
22,siempre-es-hoy-1,AM 530 - Somos Radio,AM,Ciudad de Buenos Aires,Ciudad Aut√≥noma de Buenos Aires,Argentina,2024-08-13T14:27:13+00:00,579,somosradio,138,"rulo dellatorre, siempre es hoy, somos radio am 530",Columna Rulo Dellatorre,La habitual columna de #SiempreEsHoy,https://radiocut.fm/audiocut/columna-rulo-dellatorre-9
23,la-inmensa-minoria,Con Vos,FM,Ciudad de Buenos Aires,Ciudad Aut√≥noma de Buenos Aires,Argentina,2024-08-14T14:07:16+00:00,301,jor11231,30,adorni,Respuesta a Adorni,Sietecasse responde a Adorni,https://radiocut.fm/audiocut/respuesta-a-adorni
24,vuelvan-ideas,AM 530 - Somos Radio,AM,Ciudad de Buenos Aires,Ciudad Aut√≥noma de Buenos Aires,Argentina,2024-08-14T19:29:39+00:00,156,somosradio,14,"cristian girard, que vuelvan las ideas, somos radio am 530",Declaraciones de Cristian Girard ,"Cristian Girad, Director ejecutivo de ARBA, en #QueVuelvanLasIdeas ",https://radiocut.fm/audiocut/declaraciones-cristian-girard
25,no-se-corte-965, La 965 - Residencias ,FM,Mar del Plata,Buenos Aires,Argentina,2024-08-02T23:24:33+00:00,2874,quenosecorte,14,"artistas independientes, artistas marplatenses, punk","Entrevista a las bandas Jueves, Lost Girasoles, Altos Mutantes y Locover","En Que no se corte, entrevistamos a cuatro bandas a la vez: Lost Girasoles, Jueves, Locover y Altos Mutantes. Nos contaron acerca de la historia de cada banda, los planes a futuro que tienen y tambi√©n mencionaron una pr√≥xima fecha donde las cuatro bandas se presentar√°n juntas, en una misma noche. ",https://radiocut.fm/audiocut/entrevista-a-bandas-jueves-lost-girasoles-altos-mutantes-y-locover
26,renzis-ayer-y-hoy,Belgrano,AM,Ciudad de Buenos Aires,Ciudad Aut√≥noma de Buenos Aires,Argentina,2024-08-12T10:25:47+00:00,1069,EmilioRoman,108,"2001, 7 de agost, aceiteros, argentinazo, arnoldo gomez, ayer y hoy de renzis, cambio, ccc, chaco, conaduh, default, deuda externa usuraria, fnc, miei, napalpi, originario, paro docentes universitarios, pueblo en lucha, san cayetanos, unidad popular",ARGENTINA OCULTA CON ARNOLDO GOMEZ EN AYER Y HOY DE RENZIS,En su columna de los lunes G√≥mez retoma el balance de lo que lo que significo  y no fue visibilizado suficientemente: la jornada del 7 de agosto en Plaza de Mayo y en toda Naci√≥n. Y las m√∫ltiples luchas que recorren el pa√≠s como es la lucha de los aceiteros y la marcha de los originarios que conmociona al Chaco Y que pone en discusi√≥n cual es la salida en la Argentina.,https://radiocut.fm/audiocut/argentina-oculta-con-arnoldo-gomez-en-ayer-y-hoy-renzis-7
27,juego-vida-junto-a-vos,META RAMALLO,FM,Provincia Buenos Aires,Buenos Aires,Argentina,2024-08-14T13:43:50+00:00,1133,MetaRamallo,10,,Marisol Aldazabal - docente EET N¬∞2,"Proyecto ""Tapa, tapita, tap√≥n"" (Feria de Ciencias)",https://radiocut.fm/audiocut/marisol-aldazabal-docente-eet-ndeg2
28,la-manana-con-victor-hugo,AM 750,AM,Ciudad de Buenos Aires,Ciudad Aut√≥noma de Buenos Aires,Argentina,2024-08-12T12:04:45+00:00,210,RadioAM750,1227,,El editorial de V√≠ctor Hugo Morales,Volv√© a escuchar el editorial de VHM por la 750. ,https://radiocut.fm/audiocut/editorial-victor-hugo-morales-9886
29,fuera-tiempo,Con Vos,FM,Ciudad de Buenos Aires,Ciudad Aut√≥noma de Buenos Aires,Argentina,2024-08-14T02:25:11+00:00,1897,adondeestamiamiga,20,"claudio katz, coyuntura, econom√≠a, izquierda, milei, pol√≠tica",Claudio Katz caracteriza la coyuntura econ√≥mica y pol√≠tica argentina,"El economista Claudio Katz analiza la actual coyuntura pol√≠tica y econ√≥mica argentina. Plan econ√≥mico de Milei, contexto internacional, correlaci√≥n de fuerzas.  ",https://radiocut.fm/audiocut/claudio-katz-caracteriza-coyuntura-economica-y-politica-argentina
30,jugo-limon,AM 530 - Somos Radio,AM,Ciudad de Buenos Aires,Ciudad Aut√≥noma de Buenos Aires,Argentina,2024-08-13T23:03:46+00:00,979,somosradio,104,"jugo de lim√≥n, sandra russo, somos radio am 530","Editorial de Sandra Russo: ""Y mientras tanto..."" ",Editorial de Sandra Russo en #JugoDeLim√≥n ,https://radiocut.fm/audiocut/editorial-sandra-russo-y-mientras-tanto
31,y-ahora-quien-podra-ayudarno,Con Vos,FM,Ciudad de Buenos Aires,Ciudad Aut√≥noma de Buenos Aires,Argentina,2024-08-12T12:46:38+00:00,1047,yorecorto,301,maria o donnell,Maria O Donnell sobre el reportaje en Infobae,"Maria O Donnell y su marido televisivo Tenembaum. Sobre la cobertura de Alberto Fernandez, fabiola, mujeres de visita, etc",https://radiocut.fm/audiocut/maria-o-donnell-sobre-reportaje-en-infobae
32,pase-lo-pase-2,El Destape 1070,AM,Ciudad de Buenos Aires,Ciudad Aut√≥noma de Buenos Aires,Argentina,2024-08-14T18:57:24+00:00,269,Pablotomas,15,,Xke la kisieron matar a Cristina ,Magistral explicaci√≥n de Ubeira ,https://radiocut.fm/audiocut/xke-kisieron-matar-a-cristina
33,panorama-federal_2,Radio Gr√°fica - Recuperando el aire,FM,Ciudad de Buenos Aires,Ciudad Aut√≥noma de Buenos Aires,Argentina,2024-08-13T17:11:14+00:00,1297,RadioGrafica893,42,"artesanos resisten desalojo, caminito, desalojos en caba, feria vuelta de rocha, sistema de ferias artesanales",La cultura resiste el desalojo de las Ferias Artesanales de Vuelta de Rocha,"Pablo Canobio, delegado de la Feria Artesanal Vuelta de Rocha que funciona de jueves a domingo desde hace 40 a√±os en Caminito, barrio de La Boca, convers√≥ con ""Panorama Federal"" sobre el intento de desalojo de ese espacio art√≠stico y cultural por parte del gobierno porte√±o que encabeza Jorge Macri. ",https://radiocut.fm/audiocut/cultura-resiste-desalojo-ferias-artesanales-vuelta-rocha
34,pablo-y-a-la-bolsa,Milenium,FM,Ciudad de Buenos Aires,Ciudad Aut√≥noma de Buenos Aires,Argentina,2024-08-13T12:25:16+00:00,2409,CdeDann,43,,"Luciano Laspina en ""Pablo y a la Bolsa"", 13/08/2024","Luciano Laspina, diputado nacional del PRO, dialog√≥ con Pablo Wende sobre la actualidad econ√≥mica y pol√≠tica.",https://radiocut.fm/audiocut/luciano-laspina-en-pablo-y-a-bolsa-13-08-2024
35,siempre-es-hoy-1,AM 530 - Somos Radio,AM,Ciudad de Buenos Aires,Ciudad Aut√≥noma de Buenos Aires,Argentina,2024-08-14T14:01:11+00:00,784,somosradio,26,"am 530 somos radio, andres larroque, jose mayans, jose ubeira, juli√°n saud, siempre es hoy",M√≥vil de Juli√°n Saud desde Comodoro Py - 14/08/2024,"M√≥vil de Juli√°n Saud desde Comodoro Py con testimonios de Andr√©s Larroque, Jos√© Mayans y Jos√© Ubeira.",https://radiocut.fm/audiocut/movil-julian-saud-desde-comodoro-py-14-08-2024
36,viva-a-tarde,Sarand√≠,AM,Montevideo,Montevideo,Uruguay,2024-08-13T16:33:51+00:00,158,TVShowUru1,71,,Mariana Pomies en Informativo Sarand√≠,La directora de Cifra en entrevista,https://radiocut.fm/audiocut/mariana-pomies-en-informativo-sarandi
37,caballero-dia-3,AM 530 - Somos Radio,AM,Ciudad de Buenos Aires,Ciudad Aut√≥noma de Buenos Aires,Argentina,2024-08-14T12:40:49+00:00,4455,somosradio,19,"cristina kirchner, somos radio am 530",Declaraci√≥n de CFK en Comodoro Py,Cobertura de la causa por el intento de magnicidio,https://radiocut.fm/audiocut/declaracion-cfk-en-comodoro-py-1
38,renzis-ayer-y-hoy,Belgrano,AM,Ciudad de Buenos Aires,Ciudad Aut√≥noma de Buenos Aires,Argentina,2024-08-14T11:14:32+00:00,552,EmilioRoman,23,"7 de agosto, ayer y hoy de renzis, carlos rios, deuda externa, milei",EL MOMENTO ECONOMICO CON CARLOS RIOS EN DE RENZIS AYER Y HOY,"En su columna de los mi√©rcoles, R√≠os en el marco de la pregunta de nuestro conductor como ubicar el momento econ√≥mico, con un mill√≥n de ni√±os que comen a la noche nos dice: ‚ÄúPara ver esto hay que ver a quienes se perjudica y quienes se benefician con esta pol√≠tica...y ah√≠ ver el saqueo sin precedente, que no es err√°tica y si deliberada que que prioriza al pago de la deuda, aumentando con nuevo endeudamiento y seguir beneficiando a esa oligarqu√≠a que gobierna con Milei‚Äù.  Insistiendo que esto no se cae solo, como se vio en lo que confluyo en la Plaza de Mayo el 7 de agosto ",https://radiocut.fm/audiocut/momento-economico-con-carlos-rios-en-renzis-ayer-y-hoy-5
39,te-quiero-a-las-10,AM 750,AM,Ciudad de Buenos Aires,Ciudad Aut√≥noma de Buenos Aires,Argentina,2024-08-09T11:57:11+00:00,530,RadioAM750,5426,,El pase entre V√≠ctor Hugo y Cynthia Garc√≠a,Volv√© a escuchar el pase de las 9:00 por la 750. ,https://radiocut.fm/audiocut/pase-entre-victor-hugo-y-cynthia-garcia
40,no-dejes-para-manana-1,Con Vos,FM,Ciudad de Buenos Aires,Ciudad Aut√≥noma de Buenos Aires,Argentina,2024-08-14T22:25:54+00:00,902,ResuNoticias2018,7,"educacion, nicolas trotta","14/08/2024 19:26 Radio con Vos ""No dejes para ma√±ana""",Entrevista a Nicolas Trotta sobre el debate en Diputados sobre educaci√≥n,https://radiocut.fm/audiocut/14-08-2024-19-26-radio-con-vos-no-dejes-para-manana
41,trascendental,LT8 Rosario,AM,Rosario,Santa Fe,Argentina,2024-08-14T15:29:36+00:00,369,LT8am830,23,,"#Trascendental Carlos Del Frade, diputado provincial- Cuestiona pol√≠ticas de seguridad del gobierno ","--‚ÄúEsta tarde a las 17hs presentamos 15 apuntes cr√≠ticos que cuestionan las pol√≠ticas de seguridad en SF. Si no se determina para toda la poblaci√≥n qu√© era lo que funcionaba mal, es posible que se repitan hechos de violencia‚Äù --‚ÄúHoy funcionan los ‚Äúreguladores‚Äù que hablan con las bandas menores y con la polic√≠a. Qu√© tiene para decir el gobierno provincial acerca de esto?. El atentado contra Bracamonte no es un hecho menor‚Äù --‚ÄúGente muy humilde denuncia que los nichos corruptos del Servicio Penitenciario venden celdas a 50000 pesos por mes para no dormir en el piso, en un lugar sucio. Esto es grav√≠simo y sucede en la c√°rcel de Pi√±ero‚Äù.  ",https://radiocut.fm/audiocut/trascendental-carlos-del-frade-diputado-provincial-cuestiona-politicas-seguridad-del-gobierno
42,enredando-las-mananas_2,Radio Semilla,FM,Ciudad de Buenos Aires,Ciudad Aut√≥noma de Buenos Aires,Argentina,2024-08-14T13:39:39+00:00,1324,radiosemilla,20,"insurrecci√≥n obrera y estudiantil, luchas de los 70, maria giovis, radio semilla, rnma",Insurrecci√≥n Obrera y Estudiantil 66-76 : Entrevista a Maria Giovis sobre este Documental,"Preguntamos a Mar√≠a ¬øc√≥mo se origina la idea de esta filmaci√≥n registrando luchas y represiones desde los a√±os 60?...el hilo conductor, nos cuenta,  viene de su pueblo natal Ing. Whitte , con la presencia contundente de los ferroviarios empe√±ados en la defensa del tren, viene de sus testimonios de la represi√≥n para aplastarlos...viene  desde ese proceso profundo y multiplicado en todo el territorio. Decenas de conflictos particulares que pugnaron por mantener sus fuentes de trabajo contra la precariedad de la vida que ya comenzaba como plan desde las alturas para doblegarlos. Estreno documental ""Insurrecci√≥n obrera y estudiantil"" de Mar√≠a Giovis  El documental, est√° dividido en dos partes, narra la luchas que protagonizaron obreros y estudiantes en la d√©cada del 60/70 desde el Cordobazo y todos los ‚Äúazos‚Äù del 69 hasta el surgimiento del clasismo, con los sindicatos de SITRAC- SITRAM , Villa Constituci√≥n,etc. En esta primera parte registra la represi√≥n a las compa√±eras y compa√±eros desaparecidos y asesinados por el terrorismo de Estado en democracia, antes del golpe del 76. 16/08 18hs Primera parte: ""Insurrecci√≥n Obrera estudiantil"",a√±os 66 al 76. Auditorio ATE Av Belgrano 2527-CABA ",https://radiocut.fm/audiocut/insurreccion-obrera-y-estudiantil-66-76-entrevista-a-maria-giovis-sobre-este-documental
43,una-nueva-manana,Para√≠so 42,FM,El Bols√≥n,R√≠o Negro,Argentina,2024-08-14T14:22:26+00:00,2489,Paraiso42,14,,Eric Molina Denuncia hechos de violencia en Callejon Inalef,Eric Molina Denuncia hechos de violencia en Callejon Inalef,https://radiocut.fm/audiocut/eric-molina-denuncia-hechos-violencia-en-callejon-inalef
44,jugo-limon,AM 530 - Somos Radio,AM,Ciudad de Buenos Aires,Ciudad Aut√≥noma de Buenos Aires,Argentina,2024-08-14T23:46:15+00:00,746,somosradio,6,"jorge elbaum, jugo de lim√≥n, somos radio am 530",Columna de Jorge Elbaum,"Columna de Jorge Elbaum, en #JugoDeLim√≥n ",https://radiocut.fm/audiocut/columna-jorge-elbaum-4011
45,la-vuelta-completa,AM 530 - Somos Radio,AM,Ciudad de Buenos Aires,Ciudad Aut√≥noma de Buenos Aires,Argentina,2024-08-14T22:42:37+00:00,944,somosradio,7,"la vuelta completa, luis bruschtein, somos radio am 530",Columna de Luis Bruschtein: La declaraci√≥n de Cristina ,"Columna de Luis Bruschtein, Periodista y columnista de 'P√°gina 12', en #LaVueltaCompleta ",https://radiocut.fm/audiocut/columna-luis-bruschtein-declaracion-cristina
46,punto-de-partida,Radio Gr√°fica - Recuperando el aire,FM,Ciudad de Buenos Aires,Ciudad Aut√≥noma de Buenos Aires,Argentina,2024-08-13T12:45:02+00:00,798,RadioGrafica893,61,,"Juan Valerdi: ""El desempleo va a acelerarse en el segundo semestre""",El economista Juan Valerdi en comunicaci√≥n con Lucas Molinari.,https://radiocut.fm/audiocut/juan-valerdi-desempleo-va-a-acelerarse-en-segundo-semestre
47,jugo-limon,AM 530 - Somos Radio,AM,Ciudad de Buenos Aires,Ciudad Aut√≥noma de Buenos Aires,Argentina,2024-08-13T23:25:19+00:00,715,somosradio,35,"jorge elbaum, jugo de lim√≥n, somos radio am 530",Columna de Jorge Elbaum ,"Columna de Jorge Elbaum, en #JugoDeLim√≥n ",https://radiocut.fm/audiocut/columna-jorge-elbaum-6845
48,la-manana-con-victor-hugo,AM 750,AM,Ciudad de Buenos Aires,Ciudad Aut√≥noma de Buenos Aires,Argentina,2024-08-13T12:32:55+00:00,236,ChristianAcosta,25,"buenos aires, enfermer√≠a, municipios, salud, sindicato, sitre",Victor Hugo Morales entrevista al Sec. General del SITRE Lic. Christian Acosta,El SITRE expone la situaci√≥n actual de la enfermer√≠a en todo el pa√≠s y especialmente en los municipios de la Provincia de Bs As.,https://radiocut.fm/audiocut/victor-hugo-morales-entrevista-al-sec-general-del-sitre-lic-christian-acosta
49,bichos-campo-1,Radio Argentina,AM,Ciudad de Buenos Aires,Ciudad Aut√≥noma de Buenos Aires,Argentina,2024-08-10T13:05:23+00:00,1026,nicorazzetti,73,,Guillermo Gonz√°lez Davis en Bichos de Campo 10-08-2024,Guillermo Gonz√°lez Davis en Bichos de Campo 10-08-2024,https://radiocut.fm/audiocut/guillermo-gonzalez-davis-en-bichos-campo-10-08-2024
50,todos-en-cuero-1,FM La Patriada,FM,Ciudad de Buenos Aires,Ciudad Aut√≥noma de Buenos Aires,Argentina,2024-08-14T15:23:01.315000+00:00,193,OscarY,6,"carlos barrag√°n, todos en cuero en paternal",Apoyo a Cristina de Docente jubilada,En el Instituto Patria con reportaje de Carlos Barragan,https://radiocut.fm/audiocut/apoyo-a-cristina-docente-jubilada
51,camino-propio-con-ubaldo-kra,Radio Colonia,AM,Ciudad de Buenos Aires,Ciudad Aut√≥noma de Buenos Aires,Argentina,2024-08-14T19:39:46+00:00,767,Javier1969,11,,Mariela Brandolin - Entrevista con Radio Colonia ,"En Colonia Agropecuaria, AM 550 radio Colonia, conversamos con Mariela Brandolin, consultora en mercado de granos e inversiones financieras, sobre la situaci√≥n que reportan los valores de los commodities agr√≠colas, especialmente la soja tan sencible para la econom√≠a argentina.  ",https://radiocut.fm/audiocut/mariela-brandolin-entrevista-con-radio-colonia
52,marca-de-radio,La Red,AM,Ciudad de Buenos Aires,Ciudad Aut√≥noma de Buenos Aires,Argentina,2024-08-10T13:07:23+00:00,1017,sodamanatico,1077,,Editorial Eduardo Aliverti 10/08/2024,"Argentina en la semana ""Alberto Fern√°ndez""",https://radiocut.fm/audiocut/editorial-eduardo-aliverti-10-08-2024
53,siempre-es-hoy-1,AM 530 - Somos Radio,AM,Ciudad de Buenos Aires,Ciudad Aut√≥noma de Buenos Aires,Argentina,2024-08-13T14:01:57+00:00,238,somosradio,72,"juan luis gonz√°lez, siempre es hoy, somos radio am 530",Columna de Juan Luis Gonz√°lez,La habitual columna de #SiempreEsHoy,https://radiocut.fm/audiocut/columna-juan-luis-gonzalez-3
54,enredando-las-mananas_2,Radio Semilla,FM,Ciudad de Buenos Aires,Ciudad Aut√≥noma de Buenos Aires,Argentina,2024-08-14T14:51:04+00:00,583,radiosemilla,15,"derecho a huelga, docentes, enredando las ma√±anas",Marcha Docente al Congreso x contra declaracion de ESENCIALES para quitarles derecho de HUELGA,"M√≥vil desde la protesta Docente frente al Congreso donde se pretende declarar a lxs docentes como ""esenciales"" a fin de elimarles sus derechos como trabajadoxs, principalmente el derecho a la huelga. Ernes de Radio Activa nos trae la vos de delegada del SUTEBA de Tigre.",https://radiocut.fm/audiocut/marcha-docente-al-congreso-x-contra-declaracion-esenciales-para-quitarles-derecho-huela
55,a-vuelta,Radio 2,AM,Rosario,Santa Fe,Argentina,2024-08-14T00:46:11+00:00,841,Rosario3,7,"cuidados, libros, usados",Festina Lente en A la vuelta ,"Hablamos con Maria Helena Ota√±o, mentora de esta libreria que desde 2016 compra libros usados, los pone en condiciones y los vende. ",https://radiocut.fm/audiocut/festina-lente-en-a-vuelta
56,una-nueva-aventura,AM 750,AM,Ciudad de Buenos Aires,Ciudad Aut√≥noma de Buenos Aires,Argentina,2024-08-14T18:36:07+00:00,948,RadioAM750,13,,"Fernando Signorini, preparador de futbolistas para la alta competencia.",Tema: Adorni contra Maradona,https://radiocut.fm/audiocut/fernando-signorini-preparador-futbolistas-para-alta-competencia
57,tarde-con-carlos-polimeni-2,AM 530 - Somos Radio,AM,Ciudad de Buenos Aires,Ciudad Aut√≥noma de Buenos Aires,Argentina,2024-08-14T18:55:45+00:00,230,AudiosDePrensa,12,,La declaraci√≥n de Cristina Fern√°ndez de Kirchner en Comodoro Py: @juniojuancarlos en AM530,"Juan Carlos Junio, secretario general del Partido Solidario, dialog√≥ con Carlos Polimeni sobre la declaraci√≥n de la ex Presidenta por el atentado en su contra en la actual coyuntura pol√≠tica. En La tarde con Carlos Polimeni. Por AM530. ",https://radiocut.fm/audiocut/declaracion-cristina-fernandez-kirchner-en-comodo-py-columna-juniojuancarlos-en-am530
58,caballero-dia-3,AM 530 - Somos Radio,AM,Ciudad de Buenos Aires,Ciudad Aut√≥noma de Buenos Aires,Argentina,2024-08-14T11:57:25+00:00,147,Isidora,8,,Los adultos mayores hablan con claridad üëèüèºüëèüèºüëèüèº,"Marcos Cittadini, en ""Caballero de d√≠a"", por la AM 530, nos comparte dos testimonios clar√≠simos de adultos mayores.",https://radiocut.fm/audiocut/adultos-mayores-hablan-con-claridad
59,marca-de-radio,La Red,AM,Ciudad de Buenos Aires,Ciudad Aut√≥noma de Buenos Aires,Argentina,2024-08-10T13:05:37+00:00,1120,skay,622,"editorial, editorial de aliverti, eduardo aliverti, marca de radio",Editorial Eduardo Aliverti - Marca de Radio - 10/08/2024,"Es el triunfo del antipol√≠tica, el dedo que acusa solo a un lado, el verso de la honestidad en manos de los corruptos m√°s evidentes la transitoria. Confianza o resignaci√≥n popular, depositada en Los Aut√©nticos Verdugos populares, la Argentina sin embargo tiene mucha experiencia en la resistencia en los cuerpos m√°s din√°micos de su sociedad. Eso s√≠, esta vez no se trata solo de la resistencia, construir otra cosa es m√°s urgente que nunca! ",https://radiocut.fm/audiocut/editorial-eduardo-aliverti-marca-radio-10-08-2024
60,navarro-2023-1,El Destape 1070,AM,Ciudad de Buenos Aires,Ciudad Aut√≥noma de Buenos Aires,Argentina,2024-08-13T14:37:36+00:00,2353,aliciafernandez,10,,Navarro dialoga con destacadas mujeres feministas ,"Navarro y Lu Esp√≠ndola entrevistan a Ivanna Szerman, Marta Dillon y M√≥nica Macha a ra√≠z de la denuncia de Fabiola Ya√±ez por violencia de g√©nero contra Alberto Fern√°ndez. Analizan la ofensiva contra el feminismo desde el gobierno de Milei y desatada ahora con fuerza a ra√≠z de este hecho.",https://radiocut.fm/audiocut/navarro-dialoga-con-destacadas-mujeres-feministas
